target_seq	off_seq	pred_cleavage_log10	k_on_log	k_off_log	k_OI_log	k_IO_log	k_IC_log	k_CI_log	k_cat_log
GGTCGCAGAGTAGAAATACGCAG	GGTCGCAGAGTAGAAATACGCAG	-1.042578	-0.7648735	0.91531575	0.07545276	0.29897323	1.4328711	-3.427587	0.24251992
GGTCGCAGAGTAGAAATACGCAG	AGTCGCAGAGTAGAAATACGCAG	-3.4119043	-3.7081938	3.9214878	0.07545276	0.29897323	1.4328711	-3.427587	0.24251992
GGTCGCAGAGTAGAAATACGCAG	CGTCGCAGAGTAGAAATACGCAG	-4.829042	-5.318539	5.5879717	0.07545276	0.29897323	1.4328711	-3.427587	0.24251992
GGTCGCAGAGTAGAAATACGCAG	TGTCGCAGAGTAGAAATACGCAG	-4.835916	-5.341156	5.5811634	0.07545276	0.29897323	1.4328711	-3.427587	0.24251992
GGTCGCAGAGTAGAAATACGCAG	GATCGCAGAGTAGAAATACGCAG	-3.5587232	-3.8809135	4.089531	0.07545276	0.29897323	1.4328711	-3.427587	0.24251992
GGTCGCAGAGTAGAAATACGCAG	GCTCGCAGAGTAGAAATACGCAG	-5.1070523	-5.663415	5.88403	0.07545276	0.29897323	1.4328711	-3.427587	0.24251992
GGTCGCAGAGTAGAAATACGCAG	GTTCGCAGAGTAGAAATACGCAG	-4.8786874	-5.366976	5.654045	0.07545276	0.29897323	1.4328711	-3.427587	0.24251992
GGTCGCAGAGTAGAAATACGCAG	GGACGCAGAGTAGAAATACGCAG	-0.99390256	-0.63695115	0.89507294	0.07545276	0.29897323	1.4328711	-3.427587	0.24251992
GGTCGCAGAGTAGAAATACGCAG	GGCCGCAGAGTAGAAATACGCAG	-0.8841291	-0.4497896	0.68274117	0.07545276	0.29897323	1.4328711	-3.427587	0.24251992
GGTCGCAGAGTAGAAATACGCAG	GGGCGCAGAGTAGAAATACGCAG	-0.58766544	0.26939523	-0.110994935	0.07545276	0.29897323	1.4328711	-3.427587	0.24251992
GGTCGCAGAGTAGAAATACGCAG	GGTAGCAGAGTAGAAATACGCAG	-2.5207407	-0.7648735	0.91531575	-3.5116985	0.7916725	1.4328711	-3.427587	0.24251992
GGTCGCAGAGTAGAAATACGCAG	GGTGGCAGAGTAGAAATACGCAG	-3.0313544	-0.7648735	0.91531575	-2.8093607	3.6204667	1.4328711	-3.427587	0.24251992
GGTCGCAGAGTAGAAATACGCAG	GGTTGCAGAGTAGAAATACGCAG	-2.8547451	-0.7648735	0.91531575	-4.579086	-0.4975985	1.4328711	-3.427587	0.24251992
GGTCGCAGAGTAGAAATACGCAG	GGTCACAGAGTAGAAATACGCAG	-1.6537092	-0.7648735	0.91531575	-1.451758	0.7916725	1.4328711	-3.427587	0.24251992
GGTCGCAGAGTAGAAATACGCAG	GGTCCCAGAGTAGAAATACGCAG	-2.2790508	-0.7648735	0.91531575	-2.6953728	1.3901825	1.4328711	-3.427587	0.24251992
GGTCGCAGAGTAGAAATACGCAG	GGTCTCAGAGTAGAAATACGCAG	-2.6620758	-0.7648735	0.91531575	-4.132955	-0.4975985	1.4328711	-3.427587	0.24251992
GGTCGCAGAGTAGAAATACGCAG	GGTCGAAGAGTAGAAATACGCAG	-2.5343077	-0.7648735	0.91531575	-3.5432355	0.7916725	1.4328711	-3.427587	0.24251992
GGTCGCAGAGTAGAAATACGCAG	GGTCGGAGAGTAGAAATACGCAG	-3.3785317	-0.7648735	0.91531575	-3.6103961	3.6204667	1.4328711	-3.427587	0.24251992
GGTCGCAGAGTAGAAATACGCAG	GGTCGTAGAGTAGAAATACGCAG	-2.8469615	-0.7648735	0.91531575	-4.561082	-0.4975985	1.4328711	-3.427587	0.24251992
GGTCGCAGAGTAGAAATACGCAG	GGTCGCCGAGTAGAAATACGCAG	-3.1601157	-0.7648735	0.91531575	-4.738755	1.3901825	1.4328711	-3.427587	0.24251992
GGTCGCAGAGTAGAAATACGCAG	GGTCGCGGAGTAGAAATACGCAG	-3.277533	-0.7648735	0.91531575	-3.37749	3.6204667	1.4328711	-3.427587	0.24251992
GGTCGCAGAGTAGAAATACGCAG	GGTCGCTGAGTAGAAATACGCAG	-3.044369	-0.7648735	0.91531575	-5.0172873	-0.4975985	1.4328711	-3.427587	0.24251992
GGTCGCAGAGTAGAAATACGCAG	GGTCGCAAAGTAGAAATACGCAG	-2.239783	-0.7648735	0.91531575	-2.8559318	0.7916725	1.4328711	-3.427587	0.24251992
GGTCGCAGAGTAGAAATACGCAG	GGTCGCACAGTAGAAATACGCAG	-3.1601157	-0.7648735	0.91531575	-4.738755	1.3901824	1.4328711	-3.427587	0.24251992
GGTCGCAGAGTAGAAATACGCAG	GGTCGCATAGTAGAAATACGCAG	-3.044369	-0.7648735	0.91531575	-5.0172873	-0.49759847	1.4328711	-3.427587	0.24251992
GGTCGCAGAGTAGAAATACGCAG	GGTCGCAGCGTAGAAATACGCAG	-2.9871871	-0.7648735	0.91531575	-4.7387547	0.29897323	1.4328711	-3.427587	0.24251992
GGTCGCAGAGTAGAAATACGCAG	GGTCGCAGGGTAGAAATACGCAG	-2.4001024	-0.7648735	0.91531575	-3.3774903	0.29897323	1.4328711	-3.427587	0.24251992
GGTCGCAGAGTAGAAATACGCAG	GGTCGCAGTGTAGAAATACGCAG	-3.107807	-0.7648735	0.91531575	-5.0172873	0.29897323	1.4328711	-3.427587	0.24251992
GGTCGCAGAGTAGAAATACGCAG	GGTCGCAGAATAGAAATACGCAG	-2.1773372	-0.7648735	0.91531575	-2.8559318	0.29897323	1.4328711	-3.427587	0.24251992
GGTCGCAGAGTAGAAATACGCAG	GGTCGCAGACTAGAAATACGCAG	-2.9871879	-0.7648735	0.91531575	-4.738755	0.29897323	1.4328711	-3.427587	0.24251992
GGTCGCAGAGTAGAAATACGCAG	GGTCGCAGATTAGAAATACGCAG	-3.1078064	-0.7648735	0.91531575	-5.017287	0.29897323	1.4328711	-3.427587	0.24251992
GGTCGCAGAGTAGAAATACGCAG	GGTCGCAGAGAAGAAATACGCAG	-2.1773372	-0.7648735	0.91531575	-2.8559315	0.29897323	1.4328711	-3.427587	0.24251992
GGTCGCAGAGTAGAAATACGCAG	GGTCGCAGAGCAGAAATACGCAG	-2.9871879	-0.7648735	0.91531575	-4.738755	0.29897323	1.4328711	-3.427587	0.24251992
GGTCGCAGAGTAGAAATACGCAG	GGTCGCAGAGGAGAAATACGCAG	-2.4001024	-0.7648735	0.91531575	-3.37749	0.29897323	1.4328711	-3.427587	0.24251992
GGTCGCAGAGTAGAAATACGCAG	GGTCGCAGAGTCGAAATACGCAG	-2.9871879	-0.7648735	0.91531575	-4.738755	0.29897323	1.4328711	-3.427587	0.24251992
GGTCGCAGAGTAGAAATACGCAG	GGTCGCAGAGTGGAAATACGCAG	-2.4001024	-0.7648735	0.91531575	-3.3774905	0.29897323	1.4328711	-3.427587	0.24251992
GGTCGCAGAGTAGAAATACGCAG	GGTCGCAGAGTTGAAATACGCAG	-3.107807	-0.7648735	0.91531575	-5.0172873	0.29897323	1.4328711	-3.427587	0.24251992
GGTCGCAGAGTAGAAATACGCAG	GGTCGCAGAGTAAAAATACGCAG	-1.7536825	-0.7648735	0.91531575	-1.796238	0.29897323	1.4328711	-1.2521256	0.24251992
GGTCGCAGAGTAGAAATACGCAG	GGTCGCAGAGTACAAATACGCAG	-2.5500326	-0.7648735	0.91531575	-3.6440496	0.29897323	1.4328711	-0.72664	0.24251992
GGTCGCAGAGTAGAAATACGCAG	GGTCGCAGAGTATAAATACGCAG	-2.4774082	-0.7648735	0.91531575	-3.4794364	0.29897323	1.4328711	-0.77853656	0.24251992
GGTCGCAGAGTAGAAATACGCAG	GGTCGCAGAGTAGCAATACGCAG	-2.4734654	-0.7648735	0.91531575	-3.3005784	0.29897323	1.4328711	0.41050377	0.24251992
GGTCGCAGAGTAGAAATACGCAG	GGTCGCAGAGTAGGAATACGCAG	-2.2112277	-0.7648735	0.91531575	-2.4337697	0.29897323	1.4328711	1.2327795	0.24251992
GGTCGCAGAGTAGAAATACGCAG	GGTCGCAGAGTAGTAATACGCAG	-2.0525835	-0.7648735	0.91531575	-2.4029784	0.29897323	1.4328711	-0.07505834	0.24251992
GGTCGCAGAGTAGAAATACGCAG	GGTCGCAGAGTAGACATACGCAG	-2.7124412	-0.7648735	0.91531575	-2.6725845	0.29897323	-0.35732603	0.54161966	0.24251992
GGTCGCAGAGTAGAAATACGCAG	GGTCGCAGAGTAGAGATACGCAG	-2.1139874	-0.7648735	0.91531575	-1.1888955	0.29897323	-0.74934214	-0.086850256	0.24251992
GGTCGCAGAGTAGAAATACGCAG	GGTCGCAGAGTAGATATACGCAG	-1.7502751	-0.7648735	0.91531575	-1.0710175	0.29897323	0.058908522	-0.63710153	0.24251992
GGTCGCAGAGTAGAAATACGCAG	GGTCGCAGAGTAGAACTACGCAG	-2.976871	-0.7648735	0.91531575	0.07545276	0.29897323	-3.1421082	1.5030462	0.24251992
GGTCGCAGAGTAGAAATACGCAG	GGTCGCAGAGTAGAAGTACGCAG	-2.613893	-0.7648735	0.91531575	0.07545276	0.29897323	-3.339467	-0.28276697	0.24251992
GGTCGCAGAGTAGAAATACGCAG	GGTCGCAGAGTAGAATTACGCAG	-2.1284912	-0.7648735	0.91531575	0.07545276	0.29897323	-2.254246	-0.51057047	0.24251992
GGTCGCAGAGTAGAAATACGCAG	GGTCGCAGAGTAGAAAAACGCAG	-2.2676873	-0.7648735	0.91531575	0.07545276	0.29897323	-2.4413228	-1.4954301	-1.1257961
GGTCGCAGAGTAGAAATACGCAG	GGTCGCAGAGTAGAAACACGCAG	-2.0198553	-0.7648735	0.91531575	0.07545276	0.29897323	-1.3642147	1.5030462	0.9464245
GGTCGCAGAGTAGAAATACGCAG	GGTCGCAGAGTAGAAAGACGCAG	-3.2245128	-0.7648735	0.91531575	0.07545276	0.29897323	-4.355975	-0.28276694	-0.60970473
GGTCGCAGAGTAGAAATACGCAG	GGTCGCAGAGTAGAAATCCGCAG	-2.018594	-0.7648735	0.91531575	0.07545276	0.29897323	-0.95039964	1.5030462	0.3635069
GGTCGCAGAGTAGAAATACGCAG	GGTCGCAGAGTAGAAATGCGCAG	-2.6212041	-0.7648735	0.91531575	0.07545276	0.29897323	-3.018705	-0.28276685	-0.48706818
GGTCGCAGAGTAGAAATACGCAG	GGTCGCAGAGTAGAAATTCGCAG	-1.9742718	-0.7648735	0.91531575	0.07545276	0.29897323	-0.62620676	-0.5105705	-1.8370554
GGTCGCAGAGTAGAAATACGCAG	GGTCGCAGAGTAGAAATAAGCAG	-1.9595733	-0.7648735	0.91531575	0.07545276	0.29897323	-1.6797215	-1.4954301	-1.0891243
GGTCGCAGAGTAGAAATACGCAG	GGTCGCAGAGTAGAAATAGGCAG	-2.4595947	-0.7648735	0.91531575	0.07545276	0.29897323	-2.5749614	-0.28276685	-0.59383404
GGTCGCAGAGTAGAAATACGCAG	GGTCGCAGAGTAGAAATATGCAG	-1.4922262	-0.7648735	0.91531575	0.07545276	0.29897323	0.64409447	-0.51057047	-1.5657212
GGTCGCAGAGTAGAAATACGCAG	GGTCGCAGAGTAGAAATACACAG	-1.0758481	-0.7648735	0.91531575	0.07545276	0.29897323	1.4328711	-1.4954301	-0.149181
GGTCGCAGAGTAGAAATACGCAG	GGTCGCAGAGTAGAAATACCCAG	-1.5314922	-0.7648735	0.91531575	0.07545276	0.29897323	1.4328711	1.5030462	-0.8080625
GGTCGCAGAGTAGAAATACGCAG	GGTCGCAGAGTAGAAATACTCAG	-1.4410284	-0.7648735	0.91531575	0.07545276	0.29897323	1.4328711	-0.5105704	-2.0317883
GGTCGCAGAGTAGAAATACGCAG	GGTCGCAGAGTAGAAATACGAAG	-1.0550604	-0.7648735	0.91531575	0.07545276	0.29897323	1.4328711	-1.49543	0.24251992
GGTCGCAGAGTAGAAATACGCAG	GGTCGCAGAGTAGAAATACGGAG	-1.0877879	-0.7648735	0.91531575	0.07545276	0.29897323	1.4328711	-0.282767	0.24251992
GGTCGCAGAGTAGAAATACGCAG	GGTCGCAGAGTAGAAATACGTAG	-1.0785495	-0.7648735	0.91531575	0.07545276	0.29897323	1.4328711	-0.5105703	0.24251992
GGTCGCAGAGTAGAAATACGCAG	GGTCGCAGAGTAGAAATACGCCG	-1.1405778	-0.7648735	0.91531575	0.07545276	0.29897323	1.4328711	0.52862	0.24251992
GGTCGCAGAGTAGAAATACGCAG	GGTCGCAGAGTAGAAATACGCGG	-1.0667049	-0.7648735	0.91531575	0.07545276	0.29897323	1.4328711	-0.89646745	0.24251992
GGTCGCAGAGTAGAAATACGCAG	GGTCGCAGAGTAGAAATACGCTG	-1.0626546	-0.7648735	0.91531575	0.07545276	0.29897323	1.4328711	-1.0685674	0.24251992
GGTCGCAGAGTAGAAATACGCAG	GGTCGCAGAGTAGAAATACGCAA	-1.042363	-0.7648735	0.91531575	0.07545276	0.29897323	1.4328711	-3.5331511	0.24251992
GGTCGCAGAGTAGAAATACGCAG	GGTCGCAGAGTAGAAATACGCAC	-1.06071	-0.7648735	0.91531575	0.07545276	0.29897323	1.4328711	-1.1623902	0.24251992
GGTCGCAGAGTAGAAATACGCAG	GGTCGCAGAGTAGAAATACGCAT	-1.0490534	-0.7648735	0.91531575	0.07545276	0.29897323	1.4328711	-2.030885	0.24251992
